Redirect from,Redirect to
/pages/impressum,/policies/legal-notice
/en/pages/impressum,/en/policies/legal-notice
/pl/pages/impressum,/pl/policies/legal-notice
/pages/reparaturen-beschwerden,/pages/kontakt
/en/pages/reparaturen-beschwerden,/en/pages/kontakt
/pl/pages/reparaturen-beschwerden,/pl/pages/kontakt
/collections/windows-server,/collections/windows
/en/collections/windows-server,/en/collections/windows
/pl/collections/windows-server,/pl/collections/windows
/sv/collections/windows-server,/collections/windows
/collections/microsoft-office-windows,/collections/microsoft-office
/en/collections/microsoft-office-windows,/en/collections/microsoft-office
/pl/collections/microsoft-office-windows,/pl/collections/microsoft-office
/collections/herrenuhren,/
/collections/damenuhren,/
/collections/luxus-uhren,/
/collections/michael-kors-damenuhr,/
/collections/boss-uhren,/
/collections/playstation,/
/collections/playstation-5,/
/collections/xbox,/
/collections/games,/
/collections/controller,/
/collections/spielzeug,/
/collections/adobe,/collections/all
/collections/antivirus,/collections/all
/collections/black-friday,/collections/sale
/collections/fruhlings-sale-1,/collections/sale
/products/silent-hill-townfall-ps5,/
/products/ea-sports-fc-26-ps5,/
/products/microsoft-office-2021-home-business-key-download,/collections/microsoft-office
/en/products/microsoft-office-2021-home-business-key-download,/en/collections/microsoft-office
/pl/products/microsoft-office-2021-home-business-key-download,/pl/collections/microsoft-office
/products/microsoft-office-2021-home-business-mac,/collections/microsoft-office-fur-mac
/products/microsoft-office-2024-home-2024-mac,/collections/microsoft-office-fur-mac
/products/office-2024-home-and-business-mac,/collections/microsoft-office-fur-mac
/en/products/office-2024-home-and-business-mac,/en/collections/microsoft-office-fur-mac
/pl/products/office-2024-home-and-business-mac,/pl/collections/microsoft-office-fur-mac
/sv/products/office-2024-home-and-business-mac,/collections/microsoft-office-fur-mac
/products/visual-studio-2026-professional-kaufen,/collections/microsoft-tools
/en/products/visual-studio-2026-professional-kaufen,/en/collections/microsoft-tools
/pl/products/visual-studio-2026-professional-kaufen,/pl/collections/microsoft-tools
/sv/products/visual-studio-2026-professional-kaufen,/collections/microsoft-tools
/products/windows-11-pro-key-kaufen,/collections/windows
/en/products/windows-11-pro-key-kaufen,/en/collections/windows
/pl/products/windows-11-pro-key-kaufen,/pl/collections/windows
/products/windows-11-home-key-kaufen,/collections/windows
/en/products/windows-11-home-key-kaufen,/en/collections/windows
/pl/products/windows-11-home-key-kaufen,/pl/collections/windows
/products/microsoft-windows-11-pro-64-bit-oem-lizenz-mit-dvd-und-produktschluessel,/collections/windows
/en/products/microsoft-windows-11-pro-64-bit-oem-lizenz-mit-dvd-und-produktschluessel,/en/collections/windows
/pl/products/microsoft-windows-11-pro-64-bit-oem-lizenz-mit-dvd-und-produktschluessel,/pl/collections/windows
/enpages/impressum,/en/policies/legal-notice
/plpages/impressum,/pl/policies/legal-notice
/svpages/impressum,/policies/legal-notice
/enpolicies/privacy-policy,/en/policies/privacy-policy
/plpolicies/privacy-policy,/pl/policies/privacy-policy
/svpolicies/privacy-policy,/policies/privacy-policy
